# adaptations.tsv: what the tip holds beyond its imports and its base, for verify_split.py part E.
# Columns (tab-separated): path, kind, reason, and sha256=<hex> for new, edit and rename+edit rows.
# Kinds: new, edit, literal, delete, manifest, rename-to:<path>, rename+edit-to:<path>.
# Imported paths that are byte-identical to their source, or differ only by the module-path
# rewrite of their import declarations, need no row, and neither does a path of the base that the
# tip holds unchanged; a row nothing needs is a failure. The base is one path, LICENSE, and it has
# an edit row since the owner changed it on main (b2da8432): the row of a changed base path names
# every commit that changed it. Reasons cite the commit subject that made the change.
# THE TIP IS THE RECORDED TIP (docs/HISTORY.md). This file is the import's record and ends there:
# a later commit adds no row, and docs/history/proof.py holds a later tip to having the
# recorded tip as an ancestor, not to these digests.
.gitattributes	edit	stage 2a: syntax/testdata/fuzz/** -text; *.sh text eol=lf (and its comment's \r restored by the .gitattributes fix); stage 2b: protocol/testdata/wire-golden.tsv -text; stage 3 (.gitattributes: the native ABI's C sources check out LF): *.c and *.h text eol=lf; the comments name test.sh and scripts/siblings.sh, not the workflows; go.mod, go.sum and the alternate modfiles eol=lf (a CRLF checkout of them is untidy by construction)	sha256=67b361e1c13f22d0b0db61499aabfe2fa3850c221b9aa95adc089c034a498d9e
.github/workflows/mls-syntax.yml	delete	imported as .github/workflows/syntax.yml (stage 2a) and deleted by the port of urnetwork/connect e8611390 (4be82ed6), with the rest of GitHub Actions; test.sh runs its fuzz legs
CODESTYLE.md	edit	the ports of urnetwork/connect f5e1aa1f (d749b68d) and of the four commits that add and rewrite the section Packet flow and durable state, 03d82b4e, bbe2d568, 48405dff and a3bb8775 (3849bdef, fb6ecbc1, 2a193955, de8d5c5e): byte-identical to connect's at the connect removal's head 0f2ff669 and at main 511ee2cf; connect keeps the file too, and the copies are kept in step; and the port of 5f5a205d (cc2b4882), which rewrites the same section again: byte-identical to connect's at main 60f3bd61, while the connect removal's head, which merges main at 6df2fa87, holds the file as it was and does not change it; and the ports of 6b86a4c3 and 84fb2386 (5b45d5c7, 002eb114), two rules at the head of Locking: byte-identical to connect's at main c2833fcb, while the connect removal's head still holds the file as it was at 6df2fa87	sha256=90b3f7377759f5b4377a9a22f36590ce8bb595e320e26cc0a37f703376b851a0
LICENSE	edit	the repository owner's commit on main, b2da8432 (Update LICENSE, 2026-10-09, three minutes after the import merged): the copyright line, Copyright (c) 2023 UR Foundation in the base, reads Copyright (c) 2024 BringYour, Inc.; no other byte differs, and the file is urnetwork/sdk's LICENSE byte for byte (blob 4b028936 here and at urnetwork/sdk 679a836a)	sha256=cda0debc492133d83f0ec14a062bc5861c2e1abbfdc4e2143a8e5f7cf0939ed1
NOTICE	new	stage 1: the BringYour notices of connect and the core SDK; stage 2a: the third-party test-vector rows (mlswg, cfrg HPKE, X-Wing), held to the tree by internal/repository	sha256=97dbdf0bba2648e170a966384a2b585cc7d7c22c940a65c8871053aa6908e560
README.md	new	stage 1: purpose, layout and status, boundary, build and test, contributing, history, design documents; stage 3: status after stages 1-3, the SDK modules' rows, the SDK boundary, the siblings and the native build; MESSAGEREVIEW at e8611390, test.sh as the whole run, the siblings, the CRLF run, the release ldflags; the toolchain pin and how it is forced; the native library through sdk/cgo/build.sh; the three sibling pins that are pull request heads, fetched from forks until they merge; the toolchain paragraph's sentence about go lines made exact: none asks for more than 1.26; this import merges before the two removals, and is not built beside connect main until connect's removal has merged; the three pins fetched from forks are commits of the pull requests, the ones the set was last tested at; the import merged on 2026-10-09 as 07704991; the three pins are commits of the pull requests it arrived with, which merge after it; both runs need a C compiler, and what a run without one does; what a run costs in time and downloads; the library's name on each platform; the set merged on 2026-10-09, with each merge commit, and the pins are those upstream commits; where the import's proof is held	sha256=a212cb9ecbb73c10ffc6baa4445e282d5db631381addb6eb8c9e2e24f3300fcd
docs/BOUNDARY.md	new	stage 1: the normative dependency rules, each mapped to its check; stage 3: B8 (the SDK never imports the core SDK; only the composition's gen links both), B9 (one copy of the schema), B10 (the append-only corpus), B11 (crypto scope), B12 (module census); the single-copy schema; MESSAGEREVIEW at e8611390; B1, B2, B10 and B12 held by go tests and test.sh; the append-only rule is compatibility, not a freeze; the message-server pin; B13, the pinned toolchain; connect's copy of the schema left with the merge of its removal, urnetwork/connect 847460bb	sha256=1c229a18aed7a16780856dfb96e15d11537d79a39c56ba31aa5bf7a79a08ff87
docs/HISTORY.md	new	stage 1: provenance and how to re-run the verifier; stage 3: the verifier's revision 4, the sdk import's row and section, the four-side verifier command; upstream's changes after the imports and their ports, the fork-only commits, carried.py, the verifier's revision 5; the frozen-copies claim replaced; the ports of connect's CODESTYLE.md commits and of urnetwork/sdk a7b5db77, the two upstream changes that needed no commit, carried.py's three new rules, and the removal ranges measured at the wave 3 heads; OPPORTUNISTIC is upstream's change too (98e444e, urnetwork/sdk#156); the 1 s hold is the one the fork alone carries; the removal ranges as measured at a8c84e3c; the measured paragraph names 2406135e, and counts connect main's automated data commits (about once an hour); the port of urnetwork/connect 5f5a205d: its table row, the merge that brought it to main, and the measurement against main 60f3bd61 with and without it; the ports of urnetwork/connect 6b86a4c3 and 84fb2386, urnetwork/sdk ae5a65fc as the third change that needed no commit, carried.py's fourth rule, and the count of upstream commits, 13; this import merges before the two removals, and what follows while they wait; a removal's newer head can be measured in the pin's place; the measurement of 2026-10-09 against connect main c2833fcb and sdk main 812df82f; the owner's change of LICENSE on main (b2da8432) in the base section, and the verifier's revision 6; urnetwork/sdk 80f6e365 and 69c49348 as the fourth and fifth changes that needed no commit, the count of upstream commits, 15, the connect branch's later merge of main, and the measurement against connect main 64e433f4 and sdk main 679a836a; the import's merge, 07704991, under the table of imports and in the last section; pull request 1 named where the message pull request was; the recorded tip and its two rules, the one command that runs the proof again, the removals' ranges as they merged and why they are recorded, and the fourth measurement; the set as it merged, with each merge commit and the commits that moved the three pins; the last section in the past tense: the removals merged, and what followed while they waited has ended	sha256=c34a918191f4a3a88cd5a0cc46a8cc38145996df12b32fef7a949a8b9e574d5a
docs/RELEASING.md	new	stage 1: annotated tags by a maintainer, none before the cutover; merge commits only; recovery from a squash or rebase merge without force; test.sh never tags; the recovery from a squash or rebase merge covers the recorded tip, and is checked with docs/history/proof.py; the schema cutover was urnetwork/connect 847460bb; no version is tagged yet	sha256=cedd732bf0e705bfe1911c9e2a754fffe8556ad28f4ff6b6387d39e8c5cb1b25
docs/history/2a-scope.md	new	stage 2a: every scope the move could narrow, measured in connect e449f7d8 and here, the scope diff, and who keeps each non-moved half; the record gate's sdk root row superseded by 54b5b106 (O18); the workflow tests' row	sha256=439a3e487c0b927f26c59baef7209dab82f5b7b9c935ffd86cf57dd43679cee6
docs/history/3-scope.md	new	stage 3: every scope the move could narrow, measured here and at P_sdk, and who keeps each non-moved half; the record gate's sibling complement is not retired (O18); the two printed complements held to dispositions; section 5: the loopback harness under testdata, each walk before and after, and the census of the tests that open it; section 4: what upstream added to its copy of the value census after the import (urnetwork/sdk 06f33802, ae5a65fc) is out of subject here; the census row for what upstream added gains urnetwork/sdk 80f6e365 and 69c49348	sha256=eb4fcbe182c2fafacd65e3f332ba13536ad13997c86646e8ec1071e0e9170e96
docs/history/adaptations.tsv	manifest	this manifest; a digest of itself would be a fixed point, so the verifier compares its bytes with the --manifest file
docs/history/carried.py	new	every path a removal pull request deletes is here, holding every upstream change since the merge base (a three-way merge that changes nothing), with every upstream and fork-only change declared, both ways; controls against the pre-port tip f3f8f2bd; the content can be measured against a newer upstream (@U); imported paths the removal keeps (CODESTYLE.md) are held too; a row whose commits the measured upstream lacks is printed as ahead; its projections held to the import specs, so a file upstream adds under a directory an import took whole (the sdk's cgo/ctest/) is measured, with a planted-file control and the rejected file-by-file projection as its mutation; a path upstream moved is measured against the path it continues (the lineage is the tip's own manifest), a file upstream added outside every imported directory has a row in ADDED, an upstream change to lines the tip removed is port-void, one the import's source already held is port-in-source, and a port row's commit must change its path; each with a control against the design it replaces; lines upstream added about a value of the core are set aside by name before any merge (CORE_SUBJECT, urnetwork/sdk ae5a65fc): each name held both ways, the lines pinned by sha256 and printed, with a control for each refusal and the unpinned design as the digest's; CORE_SUBJECT names eight more core values, the ones the lines of urnetwork/sdk 80f6e365 and 69c49348 are about: ten names, 46 lines pinned; the two removals' ranges are recorded in SIDES as they merged (connect 64e433f4..847460bb, sdk 679a836a..b8209d9d: each a merge of its upstream main and that merge's first parent, held to that shape) and measured at the base; --connect and --sdk name the repositories, and no range, merge base or branch is read; a row whose commits the upstream measured lacks is needed by nothing; controls for the form this replaces, for a base that is not the merge's first parent, and for such a row	sha256=8c384fe10cb01be23b547c37523d76b37fbba25ec743b4a7d8b412e64630d9f3
docs/history/connect-codestyle-commit-map.txt	new	stage 1: the git-filter-repo commit map of the CODESTYLE.md import, 24 rows, old new	sha256=48e6a16c692cbf4f9ccce303a782da82b3caa8c351d7bf2be6f130f0149393df
docs/history/connect-codestyle-paths.txt	new	stage 1: the --paths-from-file input of the CODESTYLE.md import	sha256=bba6931e0e4380493cfcceb834467e0b2de2bf255dd5a841e3173b43cd338dc1
docs/history/connect-core-commit-map.txt	new	stage 2a: the git-filter-repo commit map of the foundational import, 465 rows, old new	sha256=c3cb61ca92f42aa2e8ba4786b626a25d3dcdb77cf71426b3a073e28ed0074f5b
docs/history/connect-core-paths.txt	new	stage 2a: the --paths-from-file input of the foundational import (sha256 32c1e6d4...)	sha256=32c1e6d4779fc7cbd7c068fe8d6e22557c388ce91630ec39ad11c8a91cf358f2
docs/history/connect-protocol-commit-map.txt	new	stage 2b: the git-filter-repo commit map of the schema import, 10 rows, old new	sha256=b29cc81ad4dc633dd66a3548794d7fc08811dfbfc54901746079c5a058d4f0dd
docs/history/connect-protocol-paths.txt	new	stage 2b: the --paths-from-file input of the schema import (sha256 7afbfec9...)	sha256=7afbfec94477fc52b448c61a4e8869af5b00895a370a903ae742c3147ffa6017
docs/history/ported.tsv	new	upstream's changes after the import sources (54b5b106, e8611390), the path upstream deleted, and the fork-only changes (1f97ebb2; c71bb73b, d20d82c1, 2dc9bf77), each with its commits; the CODESTYLE.md port (f5e1aa1f); the kinds port-in-source and port-void; connect's four CODESTYLE.md commits; urnetwork/sdk a7b5db77 (the harness moved, its overlay, run.sh, loopback_module_test.go, the modfile the import already matched) and 06f33802 (a core row of the value census, void here); the three tunnel rows' reasons say which of their two commits is the fork's alone; the CODESTYLE.md row gains urnetwork/connect 5f5a205d and names its port, cc2b4882; the CODESTYLE.md row gains urnetwork/connect 6b86a4c3 and 84fb2386 and names 002eb114; the value census's port-void row gains urnetwork/sdk ae5a65fc, and the header says what port-void covers; the value census's port-void row gains urnetwork/sdk 80f6e365 and 69c49348; the tunnel rows' reason names this repository's pull request 1	sha256=2e230d2da8ddc840a9ab0f08311b9b31325890a59ffe67ddd84155762b4b3e75
docs/history/proof.py	new	the import's proof held at one recorded tip: a later tip must have the commit docs/history/recorded-tip.txt names as an ancestor, and the proof must pass at that commit, run by its own copies of verify_split.py and carried.py over its own records; --at proves a tip before it is recorded; controls on scratch histories that borrow the checkout's objects	sha256=4bad54f6066ed3a665d4f2e743c9734a1620729cda7a34dde76eea9af61bb549
docs/history/rewritepaths.go.txt	new	stage 2a: the module-path rewrite tool the rewrite commit ran, kept as .txt so it is no package of this module	sha256=11f84fb07b1ba840213f6169b47607b06602f21917d2697040f38aa8c5ae702e
docs/history/sdk-commit-map.txt	new	stage 3: the git-filter-repo commit map of the sdk import, 123 rows, old new	sha256=04625a29d4880658dee10087dcf982df338a9ffb08e9e901462f418aed2b8824
docs/history/sdk-paths.stage3.txt	new	stage 3: the --paths-from-file input of the sdk import (sha256 9b685031...)	sha256=9b685031a15e96cd6d763723ac935d99134940e9504ecb63e1b9a9388a44d169
docs/history/verified-tips.txt	new	stage 1: header; each stage appends the tip the verifier passed: 3d1d12b6, 5b594dd5 (2a), ea3f0fed (2b); stage 3's tip, f3f8f2bd, the tip the review measured; a8c84e3c, the tip after the review's fixes and the ports; 2406135e, the tip verified with the toolchain pin forced and its check fixed; 4d365abf, the tip the pull request was opened with; 07704991, main as the import merged; a0d47bef, main as pull request 2 merged; the list ends with the last tip verified before the recorded tip	sha256=a27eecd3f9efcf747d69bf3b152f1c4a4c9548095c9f83810a8d7b2245cdfe92
docs/history/verify_split.py	new	stage 1: the verifier, revision 3; stage 3: revision 4 pins the sdk side from three counted runs (one tip, e5223830) and accepts a dropped merge parent only when its side never held a kept path; revision 5: a rename row whose target the tip does not hold fails; revision 6: the edit row of a base path names every commit that changed it since the base, read from the history, with four controls (LICENSE, the owner's b2da8432)	sha256=352ac42a85c13f6351875cbf43dd8a5798082fa2ab30e0cd97e0e9a8df465299
go.mod	new	stage 1: module github.com/urnetwork/message, go 1.26.3, toolchain go1.26.5; stage 2a: x/crypto v0.54.0 and x/sys v0.47.0 indirect; stage 2b (protocol: go_package): google.golang.org/protobuf v1.36.11, connect's version; each what go mod tidy writes	sha256=23bd9bdcfff836b018506d75e91210727ac1e073a6a35bca2a076ae600f1d56e
go.sum	new	stage 2a: x/crypto and x/sys; stage 2b: protobuf and go-cmp; the eight lines go mod tidy writes	sha256=f3d258ace8a1cd28d0d9bb1dc070ad560efe2d5bd143a4e1ff4e041ccc705c4f
internal/layering/layering_test.go	new	stage 2a: the dependency boundary over every Go file of the repository, both-ways rows, server-safe closure, stale literals, fixture controls; stage 2b: protocol's row; stage 3 (message, internal/layering: the record gate reads this repository's sdk/, and the SDK packages have rows): the seven SDK packages' rows, the core SDK's old spelling of sdk/urmessage as a stale literal, the record gate's stale-literal use removed; (the composition's gen links the core SDK): sdk/cgo/gen's row allows the core SDK and sdk, for its parity test; the root holds test.sh; internal/repository's row names the go.mod gate; the core SDK files a compose lays under sdk/cgo (sdk/cgo/.composed) are left to the core and named, with a fixture control; (the gates read the loopback harness under testdata (urnetwork/sdk a7b5db77 moved it to sdk/cgo/ctest/testdata)): a file a build overlay lays into a package is judged by that package's row, an overlay nobody declared fails, and overlaidSourceDirectories is held to what the overlays lay down, both ways	sha256=c6ab69313a5d1d8cea56431b97dcc6406b73c6f81a915b4b21cc583101f6f43e
internal/repository/gomod_test.go	new	B2 as a go test: the root go.mod's module line, and no require, replace or exclude naming connect or the core SDK, with its controls	sha256=e674a0ecbd080ca2714bb0aef460ada9dd5049f939d4538969e71313f3f7c596
internal/repository/notice_test.go	new	stage 2a (NOTICE: the third-party test vectors): every file under testdata/vectors/ has a NOTICE row, every row a file; with its control	sha256=ace4c9918690372512752b9f05bf6a42bac01037b3d06ddfcd6e97fa381e2e10
message/record_test.go	edit	stage 2a: syntaxRoot; the sibling sdk by the stage-3 rule, its complement held to a property; stage 3 (the record gate reads this repository's sdk/): the in-repo sdk/ root, required; TestTheSdkRootIsASiblingOfThisModule inverted as TestTheSdkRootIsThisRepositorysOwnSdkModule; the subset rule retired and the complement held empty (TestNoSdkCodeIsLeftOutOfTheGate); the fixture rebuilt; the port of urnetwork/connect 54b5b106 (3a22cd99): joinReviewedSDKContexts and TestJoinSDKPacketAndPoolContexts; the core SDK beside the repository is a root again, required by test.sh, every reviewed context held live (a25b7c8b); (the gates read the loopback harness under testdata (urnetwork/sdk a7b5db77 moved it to sdk/cgo/ctest/testdata)): the harness's directory is a root of its own (joinOverlaidSourceRoot), the complement must not answer it as skipped, and the testdata rule holds that it was read	sha256=e2377799c4df08a5207a910c16c7fda34668fefb64c97a61a8f89e6a5e3b6ae9
message/testdata/reviewed-sdk/device_synthetic_memory_test.go	new	the port of urnetwork/connect 54b5b106 (3a22cd99): a reviewed-context fixture of the record gate, byte-identical to connect ca2562ba's	sha256=e968a8081bd7e58c274d40fb0092f605d101ef5bb6f39347d8ba8d856b8321b8
message/testdata/reviewed-sdk/mobile_packet_pressure_test.go	new	the port of urnetwork/connect 54b5b106 (3a22cd99): a reviewed-context fixture of the record gate, byte-identical to connect ca2562ba's	sha256=7efb9a0ce5a8897715ed28cc7a6e2e668fada7a5f69ffeacfc68d66d3299e475
message/testdata/reviewed-sdk/packet_batch.go	new	the port of urnetwork/connect 54b5b106 (3a22cd99): a reviewed-context fixture of the record gate, byte-identical to connect ca2562ba's	sha256=87f35d202fab1fc2d33d2ae14065b1b9f5abe206a34598aa12519d36a16c8ba9
message/testdata/reviewed-sdk/socket.go	new	the port of urnetwork/connect 54b5b106 (3a22cd99): a reviewed-context fixture of the record gate, byte-identical to connect ca2562ba's	sha256=8d9e33ab9dd143c9ffcd086a2ab61ac69a7cbf2bdb0078c2c7b0d3e32127339c
message/testdata/reviewed-sdk/socket_test.go	new	the port of urnetwork/connect 54b5b106 (3a22cd99): a reviewed-context fixture of the record gate, byte-identical to connect ca2562ba's	sha256=dd4e4d67335f449d049550bc97da8639ced7761fdd651817f36f90e85ff40118
message/writeauth_test.go	edit	stage 3 (the module walks stop at a nested go.mod): the constant-time importer walk is authImportersOf, which stops at a nested go.mod and reads the nested modules' importers into a printed complement; TestTheConstantTimeImporterWalkStopsAtANestedModule; the constant-time importer gate's nested-module complement is held both ways to authNestedImporterDispositions (sdk/urmessage: F3, O20), with a planted control; (the gates read the loopback harness under testdata (urnetwork/sdk a7b5db77 moved it to sdk/cgo/ctest/testdata)): the importer walk reads authOverlaidSources as the package the overlay lays it into, and fails if it read nothing there	sha256=9dadbaa9656c4eba36fe7e6c566cbd29ba6ecb88cbf4505b5f664fd07c2a6cb1
messagegroup/ephkey_test.go	literal	a comment: prose naming the record package; no gate reads it
messagegroup/epoch_test.go	literal	a comment, and modulePrefix: it derives this package's sibling directories from its own first-party imports, which carry the new prefix; the derived set is the same packages (message, mls, syntax)
messagegroup/imports_test.go	edit	stage 2a (rewrite): gofmt realigns the map after the rewrite shortened one key; the three keys are the same packages under their new paths	sha256=7a5fad7effb00b8b26db8537a81a109e45fde81cc444f2b0e6e295bccf2460d4
messagegroup/m1w1repairs_test.go	literal	the import path this package's own source is type-checked as: its own path
messagegroup/primitiveerase_test.go	literal	the import path of mls, whose one reviewed ECDH wrapper this gate requires; same package
messagegroup/ratchetrepairs_test.go	literal	the import path this package's own source is type-checked as: its own path
messagegroup/xwing_vectors_test.go	literal	this package's own import path, which the collector keys on
mls/crossplatform_test.go	edit	stage 2a (mls: the cross-platform gate builds the whole module): ./... from the module root, and the expansion must reach message, messagegroup, mls, syntax	sha256=e5067bf12b159116bb603e0ba93d6ca0b302bbf989340cb37d0015ac3c4abc4a
mls/crypto_forbidden_test.go	edit	stage 2a: codecScanRoots, urmessageScanRoots, the go-list floor, moduleSiblingOf's path boundary; stage 3 (the module walks stop at a nested go.mod): the derivation does not enter sdk/, prints it as out of scope, and requires the stop	sha256=c40dd1440fd307a08c5c61d9eb66d3eeef381b7a3acb60c801d27091cd1a9bea
mls/crypto_labels_test.go	literal	a comment; the renamed- and dot-import controls import the codec by its real path, or they stop modelling the tree
mls/crypto_test.go	edit	stage 2a (mls): two recursive scans read urmessageScanRoots(); the expected-import table names the same three packages under their new paths (rewrite)	sha256=2d01b43bbe2ea1834162078deb494c7473d3ff0520bc9a7c1318110c4ece46d5
mls/external_provenance_test.go	literal	mls's own import path for the type check and the shadow comparison
mls/framing_group_seams_test.go	edit	stage 2a (mls): five recursive scans read urmessageScanRoots(); the two control fixtures import mls under its new path (rewrite)	sha256=e432608e0b0ba9e01ea28e2fde611a8ec67c0d8983ef8c3a05d73f9906b89f04
mls/framing_guard_test.go	edit	stage 2a (mls): the whole-octet gate judges codecScanRoots by name	sha256=137d28cb6c19a232703c0b541c5a246ffabb13a32cf7a0d71bb1d7960f75aeeb
mls/framing_test.go	literal	the codec's path as the type-checked import list reports it; same package
mls/gates_index_test.go	edit	stage 2a (mls): the gates index walks urmessageScanRoots()	sha256=513c6535220ecc9e52f94e98ff0e3c6f77f106f4ef13931fb1a3e9253606520b
mls/group_context_test.go	literal	mls's own import path for the type check
mls/group_test.go	edit	stage 2a (mls): one recursive scan reads urmessageScanRoots()	sha256=2a7400b7213ac9ebd02d28dfb65f65870c8731b6d97ee4c7b8b75da565e970d4
mls/hpke_fuzz_test.go	edit	the port of urnetwork/connect e8611390 (4be82ed6): the comments say what a plain go test run covers, without GitHub Actions	sha256=ebcbc74e23e34b705b75fccb06a90a887d54038ad288a5017b20160913cf43df
mls/key_schedule_deps_test.go	edit	stage 2a: the rewrite made firstPartyImportPrefix the bare github.com/urnetwork/message, which also matches message-server (MEANING CHANGES); isFirstPartyImport is a path prefix and the control fixture imports message-server/x; 890 a fixture import of the codec under its new path	sha256=0c412c652deb71eaea4161115c25c24eb8a0c6c94450b632e274376294002759
mls/key_schedule_guard_test.go	edit	stage 2a (mls): the codec's directory (../syntax) and its import identifier (syntax), split	sha256=c39bf3adb4d67f7533f951095228ee78c030680f778597dcb09ea9bed57a3bc9
mls/key_schedule_kat_test.go	literal	modulePrefix: as messagegroup/epoch_test.go's
mls/leaf_validation_doors_test.go	literal	mls's own import path for the type check
mls/scan_scope_test.go	new	stage 2a (mls: scan the promoted codec by name): every scan of this package is handed the whole scope, the control fixture, or a declared narrower root; with its fixture control	sha256=7a1bf721eb618d3c485ef496806a3ac5895ae173f55c94916ce13888c41e6d58
mls/staged_erase_test.go	edit	stage 2a (mls): one recursive scan reads urmessageScanRoots()	sha256=280613ad5d31c8fa19c696679624e7635c434de852bcc0fd47e9cc8bc08f1011
mls/tree_roundtrip_test.go	literal	the renamed- and dot-import controls import the codec by its real path
protocol/Makefile	new	stage 2b (protocol: go_package): the generator pair pinned (protoc-gen-go v1.36.11), as connect's protocol/Makefile; the regeneration is checked by test.sh	sha256=220be947cbaf1aeef0f6e75286f588ba3ec3d1e5508ef1838c0683876728934c
protocol/message.pb.go	edit	stage 2b (protocol: go_package): regenerated once by protoc 35.1 + protoc-gen-go v1.36.11; a 7-byte diff on one line, the go_package string inside the raw descriptor (sha256 2ec09893...6896)	sha256=2ec098931445498eb300e18f5f4ab0e8e0f98636e6802b7105db5fc390216896
protocol/message.proto	edit	stage 2b (protocol: go_package): line 4 only, go_package github.com/urnetwork/message/protocol; package, names and every number unchanged	sha256=fca400e3fb87381ba745bfe0871a41bbf6f92f376d0a52d6d83b6a30bf34c19f
protocol/message_attestation_test.go	edit	(the gates read the loopback harness under testdata (urnetwork/sdk a7b5db77 moved it to sdk/cgo/ctest/testdata)): the attestation walk reads that directory, the one testdata directory that holds source, and fails if it walked no file there	sha256=2fb5921a6fb84223c522f9461145abb72a725411ec31f8f79864bd94fa1236e5
protocol/message_codepoint_names_test.go	new	stage 2b: the frame code-point NAMES held against this package's messages, frame.proto read as text from the pinned connect sibling; with its control; the sibling is pinned in scripts/siblings.txt and required by test.sh	sha256=65ea4387a6a6368ec50dd2083a29182030d5465f63503f5575409e57276f86b9
protocol/message_keydelivery_test.go	literal	three comments quote a go test result line naming the package that ran; they name the package that runs now
protocol/message_wire_test.go	edit	stage 2b (the frame code points stay with frame.proto): the 171-line block of the three code-point checks and its protoregistry import removed, the header says where they went; the import rewrite (rewrite commit)	sha256=953c7cd531639489f35c633e16fed605b531500cd93e0ed46634fc1ccbc70ec0
protocol/message_wiregolden_test.go	new	stage 2b (protocol: the wire corpus is append-only): re-emits the corpus from this package and holds rules A-D and the type set both ways; with eight break controls; rule A is the compatibility property (every recorded row decodes into the current types with no unknown field and re-marshals to its bytes; every recorded descriptor a structural subset), C holds appended rows the same way, D pins the base forever; changed schemas emitted through -tags dyn; controls for an accepted addition and each refusal (0eb00270)	sha256=1327e7aab90be5e77e7d50fd61dd874a6bfd721bc03db20f838f1d7bc86935fe
protocol/testdata/wire-golden.tsv	new	stage 2b (protocol: the wire corpus): emitted from urnetwork/connect 92a657fa's schema; 197 items, 57,264 bytes, sha256 9b5772b7...; this package emits the same bytes	sha256=9b5772b7e5d57956ce54c491b311bf86b5b39565c2a87f6d9dc2ad09a8454edc
protocol/testdata/wiregolden/common.go	new	stage 2b: inventory D's corpus emitter, unchanged in what it emits; output through writers; check exits non-zero on a difference; the header names -tags dyn and test.sh (0eb00270 and the no-GitHub-Actions commit)	sha256=42efd2e1936254b29052f8657fccdefde439ad24eb67f74ff06b072bde44454c
protocol/testdata/wiregolden/go.mod	new	stage 2b: the emitter's own module, under testdata; connect replaced by the pinned pre-removal sibling connect-golden; connect-golden is pinned in scripts/siblings.txt	sha256=d937b74389f828d90c2af97ef7b1feec80a7625ec214fa4ce5040d10655101bf
protocol/testdata/wiregolden/go.sum	new	stage 2b: what go mod tidy writes for the emitter (protobuf, go-cmp)	sha256=81a4e5aa3e2ec571565b3f27efcc35d3fde52e3bdc8ce927640ff474634daba7
protocol/testdata/wiregolden/main_test.go	new	stage 2b: the emitter's coverage by construction and a renumbered-field control, under each tag	sha256=1e19a14a16f8b698752e8a3480a7b665cc64b506a96f6cc201a30841893ddf6e
protocol/testdata/wiregolden/src_dyn.go	new	-tags dyn: a schema from a serialized descriptor, as dynamic types, emitted by the same code; the append-only rule's controls (0eb00270)	sha256=68989f81032bfb7e64b41081c9e8ba9c2d15d4d026e3ecdade6b9f41f2022a00
protocol/testdata/wiregolden/src_new.go	new	stage 2b: -tags new links message/protocol (this repository's)	sha256=c1f5ad35c19b9f9ac73d934e74ec9a4def141d42318f33caecdc183ae11429d5
protocol/testdata/wiregolden/src_orig.go	new	stage 2b: -tags orig links connect/protocol (connect's copy)	sha256=39d72834b6f2dbe4f0c60e8d791678c565b72f619db716bac4dd8932e084ead1
scripts/module-census.sh	new	every go.mod and alternate modfile has a wiring, both ways, and every wiring's steps have receipts test.sh writes only after a step passed; no not-yet-wired list (cp3b and the loopback library run against the pinned message-server switch); its own controls (moved from .github/scripts); steps owed per host (the C consumer on Windows), a host receipt required, with their controls; the command wiring (the live probes) and the native library owe a toolchain receipt, with two controls	sha256=72e9e5d63abb9095264854793c9fe9274b5e74df9e4031606933e434c3beb8a7
scripts/native-exports.sh	new	the native library's exports held to its .def both ways, the loopback harness and the three retired exports refused, nm on linux (moved from .github/scripts)	sha256=73dfef8bd3164f32cc416604c1d4a47a70a37abbd54bc978ca8ffd1fb9b72b3a
scripts/siblings.sh	new	clones a pinned sibling at its SHA with core.autocrlf=false, or (--verify) requires it at its pin and unmodified, MESSAGE_TEST_UNPINNED naming any accepted at another commit; refuses an unpinned name, a non-SHA commit, a URL outside github.com/urnetwork (moved from .github/scripts); a pin is fetched from urnetwork/ or from one of three listed review sources, the forks that hold the pull request heads until they merge, printed as FORK; --self-test, fourteen controls; a failed fetch says so and leaves no directory; the header and one control's title say a commit of a pull request, which need not be its head; its comment says the import merged first (2026-10-09); the three forks leave the review sources, their pull requests having merged (2026-10-09): the list is empty, each of the three is refused by a control of its own, sixteen controls; its comment says the review sources are empty since the set merged, with each merge commit	sha256=3cb6e426c0eb79e1b9d1a0e70e9e3e2dea2be01800271a6fab258cbce8d41254
scripts/siblings.txt	new	the siblings test.sh builds against, pinned by full SHA from urnetwork only: connect, sdk and message-server are PLACEHOLDERS for the heads of the connect and sdk removal pull requests and the message-server switch; connect-golden 92a657fa; glog, gvisor, goidenticons (moved from .github/siblings.txt); connect, the core SDK and message-server pinned to the pull request heads 0f2ff669, 0f03e27e and ee23a490, each fetched from its fork until its pull request merges; glog's and goidenticons' newer heads noted; the three are commits of the pull requests' branches, not always their heads: a pin is the commit the set was last built and tested at and moves only when something taken from that sibling changed; this import merges first; the sdk pin stays at 0f03e27e while its branch has merged main to 812df82f (2026-10-09); the import merged first, 2026-10-09 (07704991), and no pin moves for it; the sdk branch's later merges of main, and what its merge of 679a836a brings under cgo/; connect, the core SDK and message-server are fetched from their urnetwork repositories, which serve the three pinned commits by SHA; no pin moves with the URLs; message-server's pin moves to e9eae67a, the merge of its switch on urnetwork/message-server main (2026-10-09): no Go, module or schema file differs from ee23a490; the core SDK's pin moves to b8209d9d, the merge of the removal on urnetwork/sdk main (2026-10-09), which carries the core's C ABI as urnetwork/sdk e0661931 regenerated it; connect's pin moves to 847460bb, the merge of the removal on urnetwork/connect main (2026-10-09): every pin is now a commit of an urnetwork branch; the comments say the set merged, with each merge commit, that every pin is a commit of an urnetwork repository, and what each sibling's pin move carries with it	sha256=fea67885960560e754a655939df3f78abcb5b38dcff45f8fdacd74fbafde3afc
scripts/toolchain.sh	new	the pinned toolchain, read from go.mod (ruling R5): --check forces it with GOTOOLCHAIN and names the fix when the host cannot have it, --artefact asks a built file which toolchain built it, --self-test holds the check against a rewritten binary and a build under another toolchain; --check compares the go command's stdout alone (a host that fetches the pin says so on stderr first), with two controls of its own; a third control for --check, a go command that cannot produce the pin at all (refused, with its words quoted and the fix named), and the sentence about go lines made exact	sha256=41265381be7cb534c588485dfbe4da32267687398460a1c0039674f9a7501875
sdk/cgo/.gitignore	new	stage 3 (sdk/cgo: the native composition): what compose.sh records and a library build writes; the composed core files, held by compose.sh to what it lays down, both ways	sha256=1a4d3d7463ce90514b3e912419066ec0b6423a728b69fe93cf97775919fcc243
sdk/cgo/build.sh	new	the native library's build, written once: the core SDK's release recipe under the pinned toolchain, WARP_VERSION required, and the library asked which toolchain built it; test.sh builds through it	sha256=1bd0d75b7f7b585a5b40b6c2fc0c7502850da31a55d81f270d2389ce122d6432
sdk/cgo/compose.sh	new	stage 3 (sdk/cgo: the native composition): lays the core SDK's cgo package main under sdk/cgo, records it, refuses a pre-removal core, an existing file and a second compose; --clean; refuses a core whose files are not .gitignore's composed list, both ways, before copying; refuses a host whose go command cannot run the pinned toolchain, and names build.sh as the build	sha256=6ce4869c93eef2440a986e1dde96903d26866d83be4787797090656b7285ac71
sdk/cgo/ctest/loopback-overlay.json	new	the port of urnetwork/sdk a7b5db77 (966b77f2): the build overlay that lays the loopback harness into the cgo package for the test library alone; new upstream, byte-identical to it	sha256=f44aae1043e32d26de39d18a911ffb08f9e785caaaed420ad0b9eedbc1c60abf
sdk/cgo/ctest/run.sh	edit	the port of urnetwork/sdk a7b5db77 (966b77f2): both test-library builds pass -overlay=ctest/loopback-overlay.json; byte-identical to upstream's	sha256=ad15bf8075ee68c781fa76bd244882a0b31bba319ab5e3fc8bc7a9f901416ac5
sdk/cgo/exports_message.go	edit	stage 3: the module-path rewrite (rewritepaths -stage 3); (a documentation address): 203.0.113.53 in a doc comment in place of a real server's address; (the native composition): the prose says where the library's .def comes from	sha256=b974b5da4bf0bc3d89cba40541409aa9b58537204442f72bb1b3bd2f2a3ecbe8
sdk/cgo/gen/composedef_test.go	new	stage 3 (sdk/cgo: the native composition): the .def byte for byte against gen, the loopback harness kept out, the messaging header declaring every export (re-homed from the core's manual_exports_test.go), gen's refusals; test.sh checks the core SDK out; (the gates read the loopback harness under testdata (urnetwork/sdk a7b5db77 moved it to sdk/cgo/ctest/testdata)): the harness read at its new place, the scan's build-constraint guard exercised on it in a directory of its own (upstream's change to the core's manual_exports_test.go), and testingGenDir for loopback_module_test.go	sha256=a137318e89d3459a3e486553909448466e1ecd2602edf56c8709ab15f7e5dc0c
sdk/cgo/gen/loopback_module_test.go	new	the port of urnetwork/sdk a7b5db77 (966b77f2): the harness's module boundary and its overlay, held by go list on a scratch module; new upstream, where the sdk removal deletes it with the harness; byte-identical to it	sha256=b53aa807837dbe3404cdaf8216b3b98424f4214a75ef57570a1b6d0fba72e881
sdk/cgo/gen/main.go	new	stage 3 (sdk/cgo: the native composition): writes the library's .def from the core's .def and this directory's shipped exports; inAnyShippedBuild copied from the core generator; test.sh checks the core SDK out; (the gates read the loopback harness under testdata (urnetwork/sdk a7b5db77 moved it to sdk/cgo/ctest/testdata)): the prose says where the harness sits and what keeps it out of the .def	sha256=77c0da508c7fe896eaa5cd27c9bd4260d15fb926ed29c6adac83ba371ea34e85
sdk/cgo/gen/serviceurls_test.go	new	stage 3 (sdk/cgo: the native composition): MessageServiceUrls against the core SDK's ServiceUrl over 40 host/env rows, and the blank-host refusal	sha256=7667305987e1cc2e5b8189e665dc6ae998e3f50f9c6ad3bdab8837dc6e7fa3af
sdk/cgo/go.mod	new	stage 3 (sdk: its own module): the composition module's own go.mod; (sdk/cgo: the native composition): both SDKs, this repository and connect required and replaced, tidied over the composed tree without the loopback harness; the siblings are pinned in scripts/siblings.txt; the header says the harness sits under ctest/testdata and is laid in by an overlay; gopkg.in/yaml.v3 dropped by go mod tidy at the sdk removal head 0f03e27e (sdk main 06f33802 stopped linking the YAML parser); github.com/theodorsm/covert-dtls v1.5.1 recorded by go mod tidy beside connect main 847460bb, which requires it: one indirect requirement	sha256=1ce3a2d9e6de0f57d87aefcb68cab7d098307d2e22b3965ed4bd74adb2080ef5
sdk/cgo/go.sum	new	stage 3 (sdk/cgo: the native composition): what go mod tidy writes over the composed tree; one line dropped by the tidy at the sdk removal head 0f03e27e; github.com/theodorsm/covert-dtls v1.5.1 recorded by go mod tidy beside connect main 847460bb, which requires it: its two lines	sha256=ff61e689915917ece6efa9d0fbfa6ea36d0aa4721a897f48b2bf51449812514d
sdk/cgo/include/urnetwork_sdk.def	new	stage 3 (sdk/cgo: the native composition): generated by sdk/cgo/gen: 1,229 names, the core's 1,170 at the sdk removal head (0f03e27e, which merges sdk main 06f33802) and the 59 messaging exports; regenerated at the merged core, urnetwork/sdk b8209d9d: 1,231 names, the core's 1,172 and the 59 messaging exports; the two that are new are the core's urnet_api_has_network_credential and urnet_device_local_begin_memory_teardown_observation	sha256=6147e83d5458de739070c7932c64c0d0e2babf57632ceb4d4023ad4e6b0739cb
sdk/cgo/loopback.go.mod	edit	stage 3 (sdk: its own module): the module path and the moved modules' requirements rewritten; not tidied, as the loopback harness needs a message server that has switched (NOT_YET_WIRED); tidy against the removal heads and the message-server switch (x/tools and x/mod no longer needed; the require order); gopkg.in/yaml.v3 dropped by go mod tidy at the sdk removal head 0f03e27e, over the composed tree with the harness laid in by its overlay; github.com/theodorsm/covert-dtls v1.5.1 recorded by go mod tidy beside connect main 847460bb, which requires it: one indirect requirement	sha256=30e70aa96894e02cf8088ee536a23dc33959fa81a8007c987355c2d86404f898
sdk/cgo/loopback.go.sum	edit	the two lines of github.com/theodorsm/covert-dtls v1.5.1, written by go mod tidy -modfile=loopback.go.mod with the harness laid in by its overlay, beside connect main 847460bb, which requires it; until then the file was the import's byte for byte	sha256=70987dad20d570dd3550dc2c8ee6c7922f4b06b4dea0895e101438c08a86d31e
sdk/cgo/loopback_test_world.go	rename+edit-to:sdk/cgo/ctest/testdata/loopback_test_world.go	stage 3: the module-path rewrite (rewritepaths -stage 3); the schema switch (the messaging types come from message/protocol, imported as messageprotocol; Frame and the transport types stay connect/protocol's, connectprotocol); the port of urnetwork/sdk a7b5db77 (966b77f2): moved under ctest/testdata, where go mod tidy does not read it, with upstream's two rewritten comment blocks	sha256=1a2c6b2760800c85c4b57421554fb82528cebfc7e0fc6eee3c18e93567d2e094
sdk/cp3b/deletesendside_test.go	edit	stage 3: the module-path rewrite (rewritepaths -stage 3), and gofmt's import order: a rewritten path now sorts after connect/protocol; the schema switch (the messaging types come from message/protocol, imported as messageprotocol; Frame and the transport types stay connect/protocol's, connectprotocol)	sha256=248f0bc132e6e66e64b475bcd6e394e1732d58b2c128678cdd8e84d3172ff794
sdk/cp3b/endpointroute_test.go	edit	stage 3: the module-path rewrite (rewritepaths -stage 3); the schema switch (the messaging types come from message/protocol, imported as messageprotocol; Frame and the transport types stay connect/protocol's, connectprotocol)	sha256=7c1fdb9a13d122dee9ef76e3354166e7af9f644cc25dca992e07493e99b3ee72
sdk/cp3b/fetchpage_test.go	edit	stage 3: the module-path rewrite (rewritepaths -stage 3); the schema switch (the messaging types come from message/protocol, imported as messageprotocol; Frame and the transport types stay connect/protocol's, connectprotocol)	sha256=aefe0557c183eb73b971b83933cc7b426386f8ea370245fcd4870dacfdf6745c
sdk/cp3b/go.mod	edit	stage 3 (sdk: its own module): the module path and requirements rewritten; not tidied, as cp3b needs a message server that has switched (NOT_YET_WIRED); tidy against the removal heads and the message-server switch; github.com/theodorsm/covert-dtls v1.5.1 recorded by go mod tidy beside connect main 847460bb, which requires it: one indirect requirement	sha256=ca80277c59134de0fed1de05d76ec3cc7508455991b7c40251e0d31e04784b5f
sdk/cp3b/go.sum	edit	tidy against the removal heads and the message-server switch: the indirect requirements the old connect and message-server brought are gone; github.com/theodorsm/covert-dtls v1.5.1 recorded by go mod tidy beside connect main 847460bb, which requires it: its two lines	sha256=5c426a8a47ec3fddeba1dfdb246778fa42968ba331fbfaf54ecf20d04f70158e
sdk/cp3b/item244_test.go	edit	stage 3: the module-path rewrite (rewritepaths -stage 3), and gofmt's import order: a rewritten path now sorts after connect/protocol; the schema switch (the messaging types come from message/protocol, imported as messageprotocol; Frame and the transport types stay connect/protocol's, connectprotocol)	sha256=4a9afa81aa32a6e17ed86646f0c623eb64848a5f3cb8fd6be76aefa3ca0a6030
sdk/cp3b/platformview_test.go	edit	stage 3: the module-path rewrite (rewritepaths -stage 3); the schema switch (the messaging types come from message/protocol, imported as messageprotocol; Frame and the transport types stay connect/protocol's, connectprotocol)	sha256=89506696673103eb266cc2e849273fcbe06c3382d479f2cb3524077fcb26fbd6
sdk/cp3b/pqrotation_test.go	edit	stage 3: the module-path rewrite (rewritepaths -stage 3), and gofmt's import order: a rewritten path now sorts after connect/protocol	sha256=375b81543bd15b5cfe2a896f1fafb11fb97ae9116e4502de7cbb6ec3d21dbde0
sdk/cp3b/roles_test.go	edit	stage 3: the module-path rewrite (rewritepaths -stage 3), and gofmt's import order: a rewritten path now sorts after connect/protocol; the schema switch (the messaging types come from message/protocol, imported as messageprotocol; Frame and the transport types stay connect/protocol's, connectprotocol)	sha256=55b9a9f8fe2b7693003867e4dd240ee643aed476d562bb321ee6b40de857cb64
sdk/cp3b/s2_2_test.go	edit	stage 3: the module-path rewrite (rewritepaths -stage 3); the schema switch (the messaging types come from message/protocol, imported as messageprotocol; Frame and the transport types stay connect/protocol's, connectprotocol)	sha256=168e9f1cb3216aa0fb92aa5d6b03066ecee105e34f5750673501991195b59fb5
sdk/cp3b/sealgate_test.go	edit	stage 3: the module-path rewrite (rewritepaths -stage 3); the schema switch (the messaging types come from message/protocol, imported as messageprotocol; Frame and the transport types stay connect/protocol's, connectprotocol)	sha256=87be3332bf6d6564b7459966ac2e0f5abf79a0b7e00a4c4288c3e6cf73b663bf
sdk/cp3b/sizeladder_test.go	edit	stage 3: the module-path rewrite (rewritepaths -stage 3), and gofmt's import order: a rewritten path now sorts after connect/protocol	sha256=7285518818688d7676f73d0ea28bed6dfa89221b432fcba735ad8f4b9adb38fa
sdk/cp3b/world_test.go	edit	stage 3: the module-path rewrite (rewritepaths -stage 3); the schema switch (the messaging types come from message/protocol, imported as messageprotocol; Frame and the transport types stay connect/protocol's, connectprotocol)	sha256=d36ebd243978363f0839758f64f1426220e124dac8239b49851975aa2b2e3645
sdk/go.mod	new	stage 3 (sdk: its own module): github.com/urnetwork/message/sdk requires connect and this repository, never the core SDK; siblings replaced by path; (the tunnel tests' packet helper): gopacket direct; what go mod tidy writes; the sibling is pinned in scripts/siblings.txt; github.com/theodorsm/covert-dtls v1.5.1 recorded by go mod tidy beside connect main 847460bb, which requires it: one indirect requirement	sha256=6415e0701ab808c431d5c4e8988b1b1de2d471b9dc70d2f97f683fde9883709d
sdk/go.sum	new	stage 3 (sdk: its own module): what go mod tidy writes; github.com/theodorsm/covert-dtls v1.5.1 recorded by go mod tidy beside connect main 847460bb, which requires it: its two lines	sha256=2efb1bd72fd6ac1ab5c93e24d16ef2db8613b589af62990f741e8011cc003c79
sdk/livepeer/.gitignore	new	the binaries README.md builds here, and *.exe; carried from the core SDK's .gitignore (b8e0da26 lines 10-15), which the sdk removal drops with the directory	sha256=1ad61a7ce89d37f6850b39d147c3039ebfd1cc17fa7615010d8fcbd5ad00a594
sdk/livepeer/README.md	edit	the build command runs under the pinned toolchain (scripts/toolchain.sh)	sha256=aa3d7c8f3018a8a66d5e582ce62965025ad004c4a92e6beb290e06bb3bcdc3b0
sdk/livepeer/go.mod	edit	stage 3 (sdk: its own module): github.com/urnetwork/message/sdk/livepeer, its requirements rewritten and tidied; github.com/theodorsm/covert-dtls v1.5.1 recorded by go mod tidy beside connect main 847460bb, which requires it: one indirect requirement	sha256=d5d440efe1a49c46ee9d2e7312646da1d404743d60deec8905d38f5bf4da6b89
sdk/livepeer/go.sum	edit	stage 3 (sdk: its own module): what go mod tidy writes; github.com/theodorsm/covert-dtls v1.5.1 recorded by go mod tidy beside connect main 847460bb, which requires it: its two lines	sha256=4db45643f6a32ce917228d0830a2fd33693fd4dd99a62c1404972df882d19309
sdk/livepeer/main.go	edit	stage 3: the module-path rewrite (rewritepaths -stage 3); the schema switch (the messaging types come from message/protocol, imported as messageprotocol; Frame and the transport types stay connect/protocol's, connectprotocol)	sha256=dbdbc26dcc4f546f701e438ab7e068297d1a86548127acca411c528bed78b450
sdk/livepeer/main_test.go	new	stage 3 (a main_test.go each): the command's test binary starts in CI; the invite file handshake; test.sh and the module census, not CI	sha256=b7f2cdc12bcd1751696ad5b9ab83871a8e900343158f163083e009e8cdbc1a91
sdk/liveprobe/.gitignore	new	the binaries README.md builds here (liveprobe, liveprobe-arm64), and *.exe, 36 MB once staged; carried from the core SDK's .gitignore (b8e0da26 lines 3-9), which the sdk removal drops with the directory	sha256=0072b5e99a1c118c4061451935ca8739978de8c7c364529be536acc3e183a660
sdk/liveprobe/README.md	edit	the build commands run under the pinned toolchain (scripts/toolchain.sh), and the binaries are asked which toolchain built them	sha256=b44d030b5ce664de7b27c8e6f24447db48f117e50d28e8f0e179c7bebe04e291
sdk/liveprobe/go.mod	edit	stage 3 (sdk: its own module): github.com/urnetwork/message/sdk/liveprobe, its requirements rewritten and tidied; github.com/theodorsm/covert-dtls v1.5.1 recorded by go mod tidy beside connect main 847460bb, which requires it: one indirect requirement	sha256=86b7d3c8311ae682438afe657e02ff614c8ecaca8a2951a3337a1e9483f7ab34
sdk/liveprobe/go.sum	edit	stage 3 (sdk: its own module): what go mod tidy writes; github.com/theodorsm/covert-dtls v1.5.1 recorded by go mod tidy beside connect main 847460bb, which requires it: its two lines	sha256=4db45643f6a32ce917228d0830a2fd33693fd4dd99a62c1404972df882d19309
sdk/liveprobe/main.go	edit	stage 3: the module-path rewrite (rewritepaths -stage 3), and gofmt's import order: a rewritten path now sorts after connect/protocol; the schema switch (the messaging types come from message/protocol, imported as messageprotocol; Frame and the transport types stay connect/protocol's, connectprotocol)	sha256=c6d44b6f3b18eaf8add6c21f4a398a170a92ca1e67e75386efd7a17877c801b0
sdk/liveprobe/main_test.go	new	stage 3 (a main_test.go each): the command's test binary starts in CI; the credential scan and firstDifference; test.sh and the module census, not CI	sha256=f81604bad92d7d0bf85f82eda6c2be0bc4a164dd4ba2ab618880db80451b897d
sdk/message_client.go	edit	stage 3 (MessageClientConfig takes explicit urls first): the explicit urls documented as the preferred form; MessageServiceUrls, the host/env convenience's whole contract, in place of the core SDK's network-space types	sha256=5874f3d05313da6ab54cc76a9bf550da98e6b1fe3725ad169cbe243ff9cef936
sdk/message_client_test.go	edit	stage 3 (MessageClientConfig takes explicit urls first): the url test's comment names the contract it pins	sha256=c3cd0371f71a7588928443026c4ee7b63d9c38e8a2fba182e728eb52468ee4d2
sdk/message_crypto_scope_test.go	new	stage 3 (a gate on the cryptography this module imports): the production crypto imports held to a declared map both ways, with fixture controls; (the gates read the loopback harness under testdata (urnetwork/sdk a7b5db77 moved it to sdk/cgo/ctest/testdata)): the walk reads sdkOverlaidSourceDirs, the harness's row names it there, and the rejected design is a control	sha256=f75810118166fe6abacbf390bb83cd635da3cea8c3627e8be7a29f7888c1b849
sdk/message_receive_callback_policy_test.go	new	stage 3 (the receive side's gates): this module's receive-callback audit, rebuilt from the core's, 2 registrations	sha256=419d5917361d9782ac6a55a0c962d873ad33faf0ecc043033eff5176be727825
sdk/message_route.go	edit	stage 3 (a documentation address): 203.0.113.53 in MessageRouteConfig.Endpoint's comment in place of a real server's address	sha256=bfc965b8ca062b57c25f90204b1ed85bf1190a4fc93755420fce1803990ade8c
sdk/message_schema_registration_test.go	new	stage 3 (one copy of message.proto is registered): TestOneCopyOfMessageProtoIsRegistered	sha256=fa00f9779d637244a112aa7fb92a8b69fde5b57ac891a05f12a79f63f7ade3bb
sdk/message_stream_adapter_census_extender_native_test.go	delete	stage 3 (the package-wide gates hold this package): the native extender's census fragment; its one value is a core SDK file's
sdk/message_stream_adapter_census_extender_other_test.go	delete	stage 3 (the package-wide gates hold this package): the fragment's empty twin, with no subject left
sdk/message_stream_adapter_test.go	edit	stage 3: the module-path rewrite (rewritepaths -stage 3), one string literal too (the messagegroup import path the adapter gates match); (the package-wide gates hold this package): the value census holds this package's values, the core's non-sentinel rulings removed	sha256=0fd7ff875d16a82410395d47d66ca41ccc7bace431204b35a94d8d8773aa62d2
sdk/message_stream_store_test.go	edit	stage 3: the module-path rewrite (rewritepaths -stage 3), one string literal too (the messagegroup import path); (the package-wide gates hold this package): the core's Sync rulings removed	sha256=817ab73f8b1485725d49317795962faf05730f9f0ddf8a34534b6722f9f7d867
sdk/message_transport.go	edit	stage 3: the schema switch (the messaging types come from message/protocol, imported as messageprotocol; Frame and the transport types stay connect/protocol's, connectprotocol)	sha256=fa2568ac3b0a40580a93ed5ec11d91e3eec54627ee3c04e3b72270bc3ef13628
sdk/message_transport_door.go	edit	stage 3: the module-path rewrite (rewritepaths -stage 3), a comment too; the schema switch (the messaging types come from message/protocol, imported as messageprotocol; Frame and the transport types stay connect/protocol's, connectprotocol)	sha256=a824c1b50b4e4cda6315468c1c75759374738e10c2fe2ff10f16ad4ab20e8520
sdk/message_transport_fragment.go	edit	stage 3: the schema switch (the messaging types come from message/protocol, imported as messageprotocol; Frame and the transport types stay connect/protocol's, connectprotocol)	sha256=ec919bb10277e0458d0b98f080c78957aec8f9654980072c912d39c516fa6926
sdk/message_transport_fragment_rulings_linux_test.go	edit	stage 3 (the package-wide gates hold this package): the linux half's one ruling was the core key-pin store's; empty	sha256=3cae8f1a2f6cd6f27a40ffa2b2b840e7c77928f6b17aed12c99f874a5c88dd84
sdk/message_transport_fragment_test.go	edit	stage 3: the module-path rewrite (rewritepaths -stage 3), the type-checked package path too; the schema switch (the messaging types come from message/protocol, imported as messageprotocol; Frame and the transport types stay connect/protocol's, connectprotocol), and the fragment type-check keyed on message/protocol's MessageServerFragment; (the package-wide gates hold this package): the core's part-size rulings removed, the darwin expression ruling and its test with them, the expression-key rule held over a fixture	sha256=c5592b4903b4d4ff7a170c6e7c3ff71db6ce6c26e3417c93e5534d7ff07d6b9f
sdk/message_transport_hello.go	edit	stage 3: the schema switch (the messaging types come from message/protocol, imported as messageprotocol; Frame and the transport types stay connect/protocol's, connectprotocol)	sha256=6a98f107f61a2c30eed12680fb8a0532c55963f9657d4fdcc223af5f4f152e7f
sdk/message_transport_hello_test.go	edit	stage 3: the schema switch (the messaging types come from message/protocol, imported as messageprotocol; Frame and the transport types stay connect/protocol's, connectprotocol)	sha256=480b1aa92b23774ddca3212c1ac9dd362af863abfbc1dcd5b2119adc1e553f8e
sdk/message_transport_push.go	edit	stage 3: the schema switch (the messaging types come from message/protocol, imported as messageprotocol; Frame and the transport types stay connect/protocol's, connectprotocol)	sha256=9006b01fd17d54bcf1a99e705d74175969991a03506f426fef1aa3a612b5af09
sdk/message_transport_test.go	edit	stage 3: the schema switch (the messaging types come from message/protocol, imported as messageprotocol; Frame and the transport types stay connect/protocol's, connectprotocol); (the receive side's gates): the code-point gate resolves the enum's package by import path; the borrow gate's C2 comment	sha256=a9133b6faf8ee6719c739b87aaa1c36d687f3685ab9cada04029d91d6780042f
sdk/message_tunnel.go	edit	stage 3 (the tunnel's window clients take connect.NewOperatorClientSettings): the operator key api wired through connect's shared implementation	sha256=459bd5f7dea01d7a98a3e0edcf4e6d14c1bfc3269e69ef3ea28f61315f6c135c
sdk/message_tunnel_helpers_test.go	new	stage 3 (the tunnel tests' packet helper): the core SDK's craftIpv4Packet test helper, same name and body, on connect's gopacket	sha256=1fc3f09012083c415780ea297fb2b8523eec99e4b009d68d128e78ed8db950bc
sdk/urmessage/citationgate_test.go	edit	stage 3: the module-path rewrite (rewritepaths -stage 3), two string literals too (module.dirOf over the moved packages); (the citation gate's declarations are this repository's): declarations from the repository, the six connect carve-outs and TestMain's deleted, the subject's complement printed; urmessageOwns removed; the root module's 4 unresolved citations are held both ways to citationOutsideSubjectUnresolved, with a planted control; (the gates read the loopback harness under testdata (urnetwork/sdk a7b5db77 moved it to sdk/cgo/ctest/testdata)): the citation and doc-link walks read overlaidSourceDir through skipsDirectory, the harness's links resolve against the package it is compiled into, and each walk fails if it read nothing there	sha256=d5962270aa0106cf3d6f677554da749a9e80d2c4b663923f85e257b1c3358052
sdk/urmessage/device.go	edit	stage 3: the module-path rewrite (rewritepaths -stage 3), and gofmt's import order: a rewritten path now sorts after connect/protocol; the schema switch (the messaging types come from message/protocol, imported as messageprotocol; Frame and the transport types stay connect/protocol's, connectprotocol)	sha256=23682c1f563fcc3b62d3dcff3f6beb2fa5f712df1e2edd3c9e850dca79820780
sdk/urmessage/device_connect_test.go	edit	stage 3: the module-path rewrite (rewritepaths -stage 3); the schema switch (the messaging types come from message/protocol, imported as messageprotocol; Frame and the transport types stay connect/protocol's, connectprotocol)	sha256=f7771d869ea680921ce61b36a994f1b35e3303dbb81512b9605cdb5e841d3924
sdk/urmessage/epochkeydelivery_test.go	edit	stage 3: the module-path rewrite (rewritepaths -stage 3), and gofmt's import order: a rewritten path now sorts after connect/protocol; the schema switch (the messaging types come from message/protocol, imported as messageprotocol; Frame and the transport types stay connect/protocol's, connectprotocol)	sha256=adfa8401dc55d446bce2e5c058302a42ce35be7c99f9f9a3ec7999372af309e2
sdk/urmessage/fetchpage_test.go	edit	stage 3: the schema switch (the messaging types come from message/protocol, imported as messageprotocol; Frame and the transport types stay connect/protocol's, connectprotocol)	sha256=e3946104c8750d7db692e259c55a8728709126076be2805e64880346cf995243
sdk/urmessage/group.go	edit	stage 3: the module-path rewrite (rewritepaths -stage 3), and gofmt's import order: a rewritten path now sorts after connect/protocol; the schema switch (the messaging types come from message/protocol, imported as messageprotocol; Frame and the transport types stay connect/protocol's, connectprotocol)	sha256=2a7174705b9f9edb48d730eec7f9cfc14636fb4f24dc80b5e9362a6e5a2b2891
sdk/urmessage/headgate_test.go	literal	the import path this package's source is type-checked as: its own path
sdk/urmessage/pqdarkgate_test.go	edit	(the gates read the loopback harness under testdata (urnetwork/sdk a7b5db77 moved it to sdk/cgo/ctest/testdata)): both walks read overlaidSourceDir through skipsDirectory, and each fails if it scanned no production file there	sha256=9a3c23af64b1b9b179ca4c5cbdb479b63c427f8183a3cad9b32ce95fdb95b3ed
sdk/urmessage/pqrotation_test.go	edit	stage 3: the module-path rewrite (rewritepaths -stage 3), and gofmt's import order: a rewritten path now sorts after connect/protocol; the schema switch (the messaging types come from message/protocol, imported as messageprotocol; Frame and the transport types stay connect/protocol's, connectprotocol)	sha256=d145b0c46722bbfa1a70a77cd14ccf28208cd52302227d4ff159440f05c873f7
sdk/urmessage/pqsecretgate_test.go	literal	a comment quoting a go test result line naming the package that ran; it names the package that runs now
sdk/urmessage/record.go	edit	stage 3: the module-path rewrite (rewritepaths -stage 3), and gofmt's import order: a rewritten path now sorts after connect/protocol; the schema switch (the messaging types come from message/protocol, imported as messageprotocol; Frame and the transport types stay connect/protocol's, connectprotocol)	sha256=528c322c4f38146089d464f7c15664f1d373b0082c5e048462254adc86d2ae3e
sdk/urmessage/rolesingest_test.go	edit	stage 3: the module-path rewrite (rewritepaths -stage 3), and gofmt's import order: a rewritten path now sorts after connect/protocol; the schema switch (the messaging types come from message/protocol, imported as messageprotocol; Frame and the transport types stay connect/protocol's, connectprotocol)	sha256=06f2c9015e1cb33f9420367152ca94ea1366a77430bb51a17da5d5be5d067639
sdk/urmessage/streamfloorgate_test.go	edit	stage 3: the module-path rewrite (rewritepaths -stage 3), and gofmt's import order: a rewritten path now sorts after connect/protocol; the schema switch (the messaging types come from message/protocol, imported as messageprotocol; Frame and the transport types stay connect/protocol's, connectprotocol)	sha256=c3c3eab5e47c88addc47b3e2444dcac3c7b2c55b2f657e1d746f90853edea32b
sdk/urmessage/urmessage_test.go	edit	stage 3: the module-path rewrite (rewritepaths -stage 3), and gofmt's import order: a rewritten path now sorts after connect/protocol, and a comment naming the module whose graph the server would join; the schema switch (the messaging types come from message/protocol, imported as messageprotocol; Frame and the transport types stay connect/protocol's, connectprotocol)	sha256=e3e6476c0d1e8a903ef6f28def676ce392d412686a4854f77993366cfa75556c
sdk/urmessage/walkkind_test.go	edit	stage 3: the module-path rewrite (rewritepaths -stage 3), and gofmt's import order: a rewritten path now sorts after connect/protocol; the schema switch (the messaging types come from message/protocol, imported as messageprotocol; Frame and the transport types stay connect/protocol's, connectprotocol)	sha256=0cf73f6cfa80ec5de356422128683bcc5f2984534bf4d73f667589e3eded3aed
sdk/urmessage/wrapseedgate_test.go	literal	a comment quoting a go test result line naming the package that ran; it names the package that runs now
syntax/fuzz_test.go	edit	stage 2a (syntax): the shared corpus path follows mls/testdata (it had no top-level seed before the move and has none after); the port of urnetwork/connect e8611390 (4be82ed6): the seed-corpus gate's comment, without the per-commit CI job	sha256=031dc4bded2e4e11b09f15ddf22f53c3fc3684c9f18547c856004a13cfc7d264
syntax/layering_test.go	edit	the port of urnetwork/connect e8611390 (4be82ed6): the two workflow tests go with the workflow, and so does this repository's stage 2a structural reader of it and its controls; the file is connect ca2562ba's, with selfImportPath naming this module	sha256=cd5573988be8cb2347b842540985e9607b16fa38f8ab6e2d38fe8d434d405901
syntax/vectors_test.go	edit	stage 2a (syntax): family 16 stays digest-pinned in mls/testdata/vectors; read from there	sha256=a78c577da51b38cdc466b05edf49e365ecf86746268647e2930e94330707476b
test.sh	new	no GitHub Actions (urnetwork/connect e8611390): the whole run on the maintainers' own hardware, every module by its census row with the race detector, the wire corpus against the pinned pre-removal connect, the schema's regeneration, the fuzz targets, the native library and its C consumer, receipts for the census; line endings read with git ls-files --eol; the host receipt; the loopback library on every host and its C consumer on Windows; the fuzzing engine's deadline re-run once; MESSAGE_TEST_FUZZ_WORKERS; protoc's plugin by path and its CRLF version line; (the gates read the loopback harness under testdata (urnetwork/sdk a7b5db77 moved it to sdk/cgo/ctest/testdata)): gofmt holds the overlaid source and prints what it does not hold; the loopback modfile's tidy and the loopback library pass the overlay, with the tidy's control; the sibling pins' own controls run first, and a pin fetched from a fork is named in the verdict; GOTOOLCHAIN forced to the pin for the whole run, the toolchain check's own controls, the probes' binaries and the libraries asked which toolchain built them, and the library built through sdk/cgo/build.sh; a Windows host fetches the pinned protoc by its digest too; the verdict names a pin fetched from a fork as a commit of a pull request under review, which need not be its head; on a host with no C compiler the composed package's vet and tests are skipped with the library, by name, where they failed on undefined cgo names; gen, which is not cgo, is still vetted and tested; a host that is not linux says at its first result what it skips and that the census then fails the run	sha256=3784e9ddcc7a4a0695d7b57bd1400f3b77b84b92d9a879e571aed4e4f75773ee
